<?xml version="1.0" encoding="UTF-8"?>
<jcr:root xmlns:cq="http://www.day.com/jcr/cq/1.0" xmlns:jcr="http://www.jcp.org/jcr/1.0" xmlns:nt="http://www.jcp.org/jcr/nt/1.0"
    jcr:primaryType="cq:Dialog"
    title="Question"
    xtype="dialog">
    <items
        jcr:primaryType="cq:Widget"
        xtype="tabpanel">
        <items jcr:primaryType="cq:WidgetCollection">
            <tab1
                jcr:primaryType="cq:Panel"
                title="Basic Details">
                <items jcr:primaryType="cq:WidgetCollection">
                    <qtype
                        jcr:primaryType="cq:Widget"
                        allowBlank="{Boolean}false"
                        fieldDescription="select question type"
                        fieldLabel="Question Type"
                        name="./qtype"
                        type="select"
                        xtype="selection">
                        <options jcr:primaryType="cq:WidgetCollection">
                            <text
                                jcr:primaryType="nt:unstructured"
                                text="Textual entry"
                                value="1"/>
                            <checkbox
                                jcr:primaryType="nt:unstructured"
                                text="Checkbox item"
                                value="2"/>
                            <radio
                                jcr:primaryType="nt:unstructured"
                                text="Radio Button"
                                value="3"/>
                            <dropdown
                                jcr:primaryType="nt:unstructured"
                                text="Drop down/select"
                                value="4"/>
                        </options>
                    </qtype>
                </items>
            </tab1>
        </items>
    </items>
</jcr:root>
